id;titre;adresse_actuelle;adresse_cible;action
b2f80cda-4a0e-402b-8d1e-2e67f2281887;5 millions de logements à rénover : 10 propositions pour réussir la transition énergétique;/publications/10-propositions-pour-r%C3%A9ussir-la-transition-%C3%A9nerg%C3%A9tique;/publications/5-millions-de-logements-a-renover-10-propositions-pour-reussir-la-transition-energetique;a normaliser
5d2b19a8-f0be-4a39-baee-4ff30b3166ff;Atlas mondial du nucléaire;/publications/atlas-mondial-du-nucl%C3%A9aire;/publications/atlas-mondial-du-nucleaire;a normaliser
cad250fa-c635-4edf-acaf-eddb4006efa2;Audit environnement;/publications/audit-environnement;/publications/audit-environnement;inchangee
a3af20d6-afbc-4b6c-b89b-e07b089da7ad;Bien gérer l'environnement, une chance pour l'entreprise;/publications/bien-g%C3%A9rer-l'environnement%2C-une-chance-pour-l'entreprise;/publications/bien-gerer-l-environnement-une-chance-pour-l-entreprise;a normaliser
e30d2b6d-32e6-413f-8eff-334dd72dfe5f;Bulletin de droit de l'environnement industriel (BDEI);/publications/bulletin-de-droit-de-l'environnement-industriel-(bdei);/publications/bulletin-de-droit-de-l-environnement-industriel-bdei;a normaliser
00375e43-5466-461d-8be4-22e6ac799a1e;Code de justice administrative, Ed. LexisNexis, coll. Code Bleu;/publications/code-de-justice-administrative-2004;/publications/code-de-justice-administrative-2004;inchangee
6c3d6bd0-17e1-449d-8a8e-713695a9f342;Code de l'environnement, Ed. LexisNexis, Coll. Code Bleu;/publications/code-de-l'environnement-2001;/publications/code-de-l-environnement-ed-lexisnexis-coll-code-bleu;a normaliser
b9bcd17e-6cea-46a6-b67e-131895d3e368;Code de la commande publique commenté, Ed. HLE, 2014;/publications/code-de-la-commande-publique-comment%C3%A9;/publications/code-de-la-commande-publique-commente-ed-hle-2014;a normaliser
7708d82d-239b-4599-a837-f406d808da09;Code des procédures contentieuses de droit public;/publications/code-des-proc%C3%A9dures-contentieuses-de-droit-public;/publications/code-des-procedures-contentieuses-de-droit-public;a normaliser
825213f4-2741-4ba6-acc2-10e1a1a32539;Crédits et marchés carbone : risque ou solution ?;/publications/cr%C3%A9dits-et-march%C3%A9s-carbone-%3A-risque-ou-solution-%3F;/publications/credits-et-marches-carbone-risque-ou-solution;a normaliser
0a15deb0-3c03-44d1-98ab-01b6ff46d169;De l'écologie, hors de l'imposture et de l'opportunisme;/publications/de-l'%C3%A9cologie%2C-hors-de-l'imposture-et-de-l'opportunisme;/publications/de-l-ecologie-hors-de-l-imposture-et-de-l-opportunisme;a normaliser
b04fea5f-30a5-4d11-9391-dbbee664def8;Déclaration Universelle des Droits de l'Humanité ;/publications/d%C3%A9claration-universelle-des-droits-de-l'humanit%C3%A9-;/publications/declaration-universelle-des-droits-de-l-humanite;a normaliser
1ddfb7ea-b151-4ba2-9b5f-b69561843497;Déficit public;/publications/d%C3%A9ficit-public;/publications/deficit-public;a normaliser
2a1a8f99-3bb2-4059-9092-ea9d732ea432;Et si c'était elle ?;/publications/et-si-c'%C3%A9tait-elle-%3F;/publications/et-si-c-etait-elle;a normaliser
c134733d-0558-4955-b33a-835f8241dd4a;Eviter, réduire, compenser les impacts environnementaux;/publications/eviter%2C-r%C3%A9duire%2C-compenser-les-impacts-environnementaux;/publications/eviter-reduire-compenser-les-impacts-environnementaux;a normaliser
51ababa1-3768-4988-a2a3-598b8b7e9561;Guide de l'environnement industriel;/publications/guide-de-l'environnement-industriel;/publications/guide-de-l-environnement-industriel;a normaliser
1a4030a7-6077-4490-b6c7-7a9809f594e3;Guide pratique des référés administratifs;/publications/guide-pratique-des-r%C3%A9f%C3%A9r%C3%A9s-administratifs;/publications/guide-pratique-des-referes-administratifs;a normaliser
58d3dba3-2b80-430e-87dc-2a460ffefb69;Guide pratique des élections municipales;/publications/guide-pratique-des-%C3%A9lections-municipales;/publications/guide-pratique-des-elections-municipales;a normaliser
7d927f01-36f4-4c14-8675-a2c948ced268;Installations classées;/publications/installations-class%C3%A9es;/publications/installations-classees;a normaliser
9275e1df-1dcc-4f1c-811d-862b45a557b8;L'État nucléaire;/publications/l'%C3%A9tat-nucl%C3%A9aire;/publications/l-etat-nucleaire;a normaliser
43b41640-2a05-4e30-a93b-440069603a35;La pratique des référés;/publications/la-pratique-des-r%C3%A9f%C3%A9r%C3%A9s;/publications/la-pratique-des-referes;a normaliser
25c0c24a-b042-4a11-9037-106e1f80d9eb;La vérité sur le nucléaire : le choix interdit;/publications/la-v%C3%A9rit%C3%A9-sur-le-nucl%C3%A9aire-%3A-le-choix-interdit;/publications/la-verite-sur-le-nucleaire-le-choix-interdit;a normaliser
c3885bc2-ab39-4b95-a903-7eb582f68e63;Le contentieux climatique : une révolution judiciaire mondiale;/publications/le-contentieux-climatique-%3A-une-r%C3%A9volution-judiciaire-mondiale;/publications/le-contentieux-climatique-une-revolution-judiciaire-mondiale;a normaliser
088a8abb-eb68-4d9a-84e3-c736b9a87cb5;Le droit des déchets hospitaliers;/publications/le-droit-des-d%C3%A9chets-hospitaliers;/publications/le-droit-des-dechets-hospitaliers;a normaliser
e6a2787c-bd06-4156-8871-62a67cef7fff;Les femmes au secours de la république;/publications/les-femmes-au-secours-de-la-r%C3%A9publique;/publications/les-femmes-au-secours-de-la-republique;a normaliser
601b1254-cc0f-431a-9751-ce122e6bb432;Les mains propres;/publications/les-mains-propres;/publications/les-mains-propres;inchangee
c03db94c-d850-4c08-96c7-282c59a5c77e;Les élections municipales en 10 questions;/publications/les-%C3%A9lections-municipales-en-10-questions;/publications/les-elections-municipales-en-10-questions;a normaliser
5aafa88f-ca27-4357-a806-1841d363fb9c;Méthodologie de l'étude d'impact climatique;/publications/m%C3%A9thodologie-de-l'%C3%A9tude-d'impact-climatique;/publications/methodologie-de-l-etude-d-impact-climatique;a normaliser
41273910-ebd7-47c5-9dc5-274880b6d8f8;Nos batailles pour l'environnement;/publications/nos-batailles-pour-l'environnement;/publications/nos-batailles-pour-l-environnement;a normaliser
5013af06-baf8-4d30-a63c-8a171ba77e88;Oser l'espérance;/publications/oser-l'esp%C3%A9rance;/publications/oser-l-esperance;a normaliser
e5bfcadb-8b0c-42d0-97a1-530529b4dfdb;Revue Énergie Environnement Infrastructures;/publications/revue-%C3%A9nergie-environnement-infrastructures;/publications/revue-energie-environnement-infrastructures;a normaliser
dbda18bc-23ac-4e71-be2e-d61581913fb8;Sans le nucléaire... et d'autres tartes à la crème du discours techno-scientifique;/publications/sans-le-nucl%C3%A9aire...-et-d'autres-tartes-%C3%A0-la-cr%C3%A8me-du-discours-techno-scientifique;/publications/sans-le-nucleaire-et-d-autres-tartes-a-la-creme-du-discours-techno-scientifique;a normaliser
4ec6c501-602a-4edc-9ca6-9425c6af1e5a;Santé et environnement, l'abécédaire;/publications/sant%C3%A9-et-environnement%2C-l'ab%C3%A9c%C3%A9daire;/publications/sante-et-environnement-l-abecedaire;a normaliser
480d4a08-7775-4d78-b11f-34362c6ac80a;Tous président !;/publications/tous-pr%C3%A9sident-!;/publications/tous-president;a normaliser
bcd80457-ee9b-43e0-a4f9-418157d9dd88;Une société de pollution;/publications/une-soci%C3%A9t%C3%A9-de-pollution;/publications/une-societe-de-pollution;a normaliser
c77bce02-6adf-4920-99e5-62c28cb34cfa;Vivre autrement;/publications/vivre-autrement;/publications/vivre-autrement;inchangee
10592e86-3d89-499e-b683-6ad1ea896ef2;À bout de confiance;/publications/%C3%A0-bout-de-confiance;/publications/a-bout-de-confiance;a normaliser
22627fd8-4dd4-47cf-bdec-929eb1fab1b7;“On ne peut rien faire madame le ministre“;/publications/%E2%80%9Con-ne-peut-rien-faire-madame-le-ministre%E2%80%9C;/publications/on-ne-peut-rien-faire-madame-le-ministre;a normaliser
