source;destination
/publications/10-propositions-pour-r%C3%A9ussir-la-transition-%C3%A9nerg%C3%A9tique;/publications/5-millions-de-logements-a-renover-10-propositions-pour-reussir-la-transition-energetique
/publications/10-propositions-pour-réussir-la-transition-énergétique;/publications/5-millions-de-logements-a-renover-10-propositions-pour-reussir-la-transition-energetique
/publications/atlas-mondial-du-nucl%C3%A9aire;/publications/atlas-mondial-du-nucleaire
/publications/atlas-mondial-du-nucléaire;/publications/atlas-mondial-du-nucleaire
/publications/bien-g%C3%A9rer-l'environnement%2C-une-chance-pour-l'entreprise;/publications/bien-gerer-l-environnement-une-chance-pour-l-entreprise
/publications/bien-gérer-l'environnement,-une-chance-pour-l'entreprise;/publications/bien-gerer-l-environnement-une-chance-pour-l-entreprise
/publications/bulletin-de-droit-de-l'environnement-industriel-(bdei);/publications/bulletin-de-droit-de-l-environnement-industriel-bdei
/publications/code-de-l'environnement-2001;/publications/code-de-l-environnement-ed-lexisnexis-coll-code-bleu
/publications/code-de-la-commande-publique-comment%C3%A9;/publications/code-de-la-commande-publique-commente-ed-hle-2014
/publications/code-de-la-commande-publique-commenté;/publications/code-de-la-commande-publique-commente-ed-hle-2014
/publications/code-des-proc%C3%A9dures-contentieuses-de-droit-public;/publications/code-des-procedures-contentieuses-de-droit-public
/publications/code-des-procédures-contentieuses-de-droit-public;/publications/code-des-procedures-contentieuses-de-droit-public
/publications/cr%C3%A9dits-et-march%C3%A9s-carbone-%3A-risque-ou-solution-%3F;/publications/credits-et-marches-carbone-risque-ou-solution
/publications/crédits-et-marchés-carbone-:-risque-ou-solution-?;/publications/credits-et-marches-carbone-risque-ou-solution
/publications/de-l'%C3%A9cologie%2C-hors-de-l'imposture-et-de-l'opportunisme;/publications/de-l-ecologie-hors-de-l-imposture-et-de-l-opportunisme
/publications/de-l'écologie,-hors-de-l'imposture-et-de-l'opportunisme;/publications/de-l-ecologie-hors-de-l-imposture-et-de-l-opportunisme
/publications/d%C3%A9claration-universelle-des-droits-de-l'humanit%C3%A9-;/publications/declaration-universelle-des-droits-de-l-humanite
/publications/déclaration-universelle-des-droits-de-l'humanité-;/publications/declaration-universelle-des-droits-de-l-humanite
/publications/d%C3%A9ficit-public;/publications/deficit-public
/publications/déficit-public;/publications/deficit-public
/publications/et-si-c'%C3%A9tait-elle-%3F;/publications/et-si-c-etait-elle
/publications/et-si-c'était-elle-?;/publications/et-si-c-etait-elle
/publications/eviter%2C-r%C3%A9duire%2C-compenser-les-impacts-environnementaux;/publications/eviter-reduire-compenser-les-impacts-environnementaux
/publications/eviter,-réduire,-compenser-les-impacts-environnementaux;/publications/eviter-reduire-compenser-les-impacts-environnementaux
/publications/guide-de-l'environnement-industriel;/publications/guide-de-l-environnement-industriel
/publications/guide-pratique-des-r%C3%A9f%C3%A9r%C3%A9s-administratifs;/publications/guide-pratique-des-referes-administratifs
/publications/guide-pratique-des-référés-administratifs;/publications/guide-pratique-des-referes-administratifs
/publications/guide-pratique-des-%C3%A9lections-municipales;/publications/guide-pratique-des-elections-municipales
/publications/guide-pratique-des-élections-municipales;/publications/guide-pratique-des-elections-municipales
/publications/installations-class%C3%A9es;/publications/installations-classees
/publications/installations-classées;/publications/installations-classees
/publications/l'%C3%A9tat-nucl%C3%A9aire;/publications/l-etat-nucleaire
/publications/l'état-nucléaire;/publications/l-etat-nucleaire
/publications/la-pratique-des-r%C3%A9f%C3%A9r%C3%A9s;/publications/la-pratique-des-referes
/publications/la-pratique-des-référés;/publications/la-pratique-des-referes
/publications/la-v%C3%A9rit%C3%A9-sur-le-nucl%C3%A9aire-%3A-le-choix-interdit;/publications/la-verite-sur-le-nucleaire-le-choix-interdit
/publications/la-vérité-sur-le-nucléaire-:-le-choix-interdit;/publications/la-verite-sur-le-nucleaire-le-choix-interdit
/publications/le-contentieux-climatique-%3A-une-r%C3%A9volution-judiciaire-mondiale;/publications/le-contentieux-climatique-une-revolution-judiciaire-mondiale
/publications/le-contentieux-climatique-:-une-révolution-judiciaire-mondiale;/publications/le-contentieux-climatique-une-revolution-judiciaire-mondiale
/publications/le-droit-des-d%C3%A9chets-hospitaliers;/publications/le-droit-des-dechets-hospitaliers
/publications/le-droit-des-déchets-hospitaliers;/publications/le-droit-des-dechets-hospitaliers
/publications/les-femmes-au-secours-de-la-r%C3%A9publique;/publications/les-femmes-au-secours-de-la-republique
/publications/les-femmes-au-secours-de-la-république;/publications/les-femmes-au-secours-de-la-republique
/publications/les-%C3%A9lections-municipales-en-10-questions;/publications/les-elections-municipales-en-10-questions
/publications/les-élections-municipales-en-10-questions;/publications/les-elections-municipales-en-10-questions
/publications/m%C3%A9thodologie-de-l'%C3%A9tude-d'impact-climatique;/publications/methodologie-de-l-etude-d-impact-climatique
/publications/méthodologie-de-l'étude-d'impact-climatique;/publications/methodologie-de-l-etude-d-impact-climatique
/publications/nos-batailles-pour-l'environnement;/publications/nos-batailles-pour-l-environnement
/publications/oser-l'esp%C3%A9rance;/publications/oser-l-esperance
/publications/oser-l'espérance;/publications/oser-l-esperance
/publications/revue-%C3%A9nergie-environnement-infrastructures;/publications/revue-energie-environnement-infrastructures
/publications/revue-énergie-environnement-infrastructures;/publications/revue-energie-environnement-infrastructures
/publications/sans-le-nucl%C3%A9aire...-et-d'autres-tartes-%C3%A0-la-cr%C3%A8me-du-discours-techno-scientifique;/publications/sans-le-nucleaire-et-d-autres-tartes-a-la-creme-du-discours-techno-scientifique
/publications/sans-le-nucléaire...-et-d'autres-tartes-à-la-crème-du-discours-techno-scientifique;/publications/sans-le-nucleaire-et-d-autres-tartes-a-la-creme-du-discours-techno-scientifique
/publications/sant%C3%A9-et-environnement%2C-l'ab%C3%A9c%C3%A9daire;/publications/sante-et-environnement-l-abecedaire
/publications/santé-et-environnement,-l'abécédaire;/publications/sante-et-environnement-l-abecedaire
/publications/tous-pr%C3%A9sident-!;/publications/tous-president
/publications/tous-président-!;/publications/tous-president
/publications/une-soci%C3%A9t%C3%A9-de-pollution;/publications/une-societe-de-pollution
/publications/une-société-de-pollution;/publications/une-societe-de-pollution
/publications/%C3%A0-bout-de-confiance;/publications/a-bout-de-confiance
/publications/à-bout-de-confiance;/publications/a-bout-de-confiance
/publications/%E2%80%9Con-ne-peut-rien-faire-madame-le-ministre%E2%80%9C;/publications/on-ne-peut-rien-faire-madame-le-ministre
/publications/“on-ne-peut-rien-faire-madame-le-ministre“;/publications/on-ne-peut-rien-faire-madame-le-ministre
