source;destination;statut
/_api/one-app-session-web/v3/businesses;/publication;active
/_frog;/;active
/2018/01/26/53316;/;active
/affaires/amoco;/publication;active
/affaires/cattenom;/publication;active
/agenda/invitation-conference-dejeuner-du-5-octobre-2018-hla-et-finergreen;/publication;active
/avocats/arielle-guillaumot;/equipe;active
/avocats/lise-hélène-gras;/avocats/lise-helene-gras;active
/avocats/madeleine-babès;/avocats/madeleine-babes;active
/avocats/raphaëlle-jeannel;/equipe;active
/avocats/théophile-bégel;/avocats/theophile-begel;active
/avocats/valérie-saintaman;/avocats/valerie-saintaman;active
/blank;/equipe;active
/blank-1;/;active
/blank-2;/expertise;active
/blank-3;/publication;active
/blank-5;/mentions-legales;active
/blank-5-1;/politique-confidentialite;active
/blank-6;/contact;active
/blank-7;/;active
/blank-8;/cabinet;active
/blank-8-1;/collaborations;active
/categories/alimentation;/;active
/categories/biodiversité;/;active
/category/nos-publications/commentaire-doctrine-2;/publication;active
/chronique-la-france-est-elle-prete-pour-une-revolution-climatique-par-corinne-lepage-16-juillet-2021/a-la-une/69459;/publication;active
/commentaire-juridique-;/;source tronquee
/commentaire-juridique-pour-bien-comprendre-larret-grande-synthe-ii-par-corinne-lepage-15-fevrier-2021/a-la-une/66307;/publication;active
/compte-rendu-du-webinaire-hla-n3-adaptation-au-changement-climatique-et-politiques-de-planification-du-29-avril-2020/compte-rendu/60922;/expertises/protection-de-l-environnement;active
/compte-rendu-du-webinaire-hla-n3...;/;source tronquee
/en;/;active
/en/christian-huglo-2;/avocats/christian-huglo;active
/en/environmental-health;/;active
/en/join-us;/contact;active
/en/madeleine-babes-2;/avocats/madeleine-babes;active
/equipe-2/benjamin-huglo;/avocats/benjamin-huglo;active
/equipe-2/benoit-denis;/avocats/benoit-denis;active
/equipe-2/christian-huglo;/avocats/christian-huglo;active
/equipe-2/corinne-lepage;/avocats/corinne-lepage;active
/equipe-2/faustine-sigronde;/avocats/faustine-sigronde;active
/equipe-2/lise-hélène-gras;/avocats/lise-helene-gras;active
/equipe-2/madeleine-babès;/avocats/madeleine-babes;active
/equipe-2/roxane-sageloli;/avocats/roxane-sageloli;active
/equipe-2/sarah-dine;/avocats/sarah-dine;active
/equipe-2/siham-becamel;/avocats/siham-becamel;active
/equipe-2/théophile-bégel;/avocats/theophile-begel;active
/equipe-2/valérie-saintaman;/avocats/valerie-saintaman;active
/equipe/benjamin-huglo/benjamin_huglo_lepage-2;/avocats/benjamin-huglo;active
/equipe/christian-huglo-duplicate-1;/avocats/christian-huglo;active
/equipe/corinne-lepage?lang=en;/avocats/corinne-lepage;active
/equipe/lepage;/avocats/corinne-lepage;active
/equipe/theophile-begel-2/attachment/theophile-begel-2;/avocats/theophile-begel;active
/equipe/valerie-saintaman-2;/avocats/valerie-saintaman;active
/expertises-item;/expertise;active
/expertises-item-1;/clients;active
/expertises/-rse/audits-réglementaires-;/expertises/rse-audits-reglementaires;active
/expertises/domanialité-et-expropriation;/expertises/domanialite-et-expropriation;active
/expertises/droit-de-l'energie;/expertises/droit-de-l-energie;active
/expertises/droit-des-collectivités-territoriales;/expertises/droit-des-collectivites-territoriales;active
/expertises/droit-pénal-de-l'environnement;/expertises/droit-penal-de-l-environnement;active
/expertises/protection-de-l'environnement;/expertises/protection-de-l-environnement;active
/expertises/rse/vigilance;/expertises/rse-vigilance;active
/expertises/sante-environnementale;/expertises/droit-penal-de-l-environnement;active
/expertises/urbanisme/immobilier;/expertises/droit-urbanisme-amenagement;active
/expertises/économie-circulaire;/expertises/economie-circulaire;active
/expertises/énergie/carbone;/expertises/credits-marches-carbone;active
/invitation-webinaire-hla-n11-du-12-juin-2020-eviter-reduire-compenser-comment-apprehender-la-sequence-erc/webinaire/61499;/expertises/protection-de-l-environnement;active
/invitation-webinaire-hla-n11...;/;source tronquee
/la-portee-universelle-de-la-decision-de-la-cour-de-karlsruhe-du-29-avril-2021-par-corinne-lepage-03-mai-2021/a-la-une/67915;/publication;active
/landing-clients;/clients;active
/landing-equipe;/equipe;active
/landing-expertises;/expertise;active
/landing-publications;/publication;active
/llms.txt;https://858646bf-e587-4ea8-be10-aad65761ce19.usrfiles.com/ugd/858646_46ffd73b752447b48cbebc95bcdd8a07.txt;active
/madeleine-babes;/equipe;active
/margaux-berthelard;/equipe;active
/roxane-sageloli-2;/avocats/roxane-sageloli;active
/theophile-begel;/avocats/theophile-begel;active
/urbanisme-et-amenagement;/expertises/droit-urbanisme-amenagement;active
/urbanisme-et-amenagement-2;/expertises/droit-urbanisme-amenagement;active
/wp-content/uploads/2019/10/Décret-n°-2019-426-du-9-mai-2019-portant-prorogation-du-classement-du-parc-naturel-régional-de-lAvesnois.pdf;/expertises/protection-de-l-environnement;active
/wp-content/uploads/2019/10/Décret-n°-2019-426...;/publication;source tronquee
/wp-content/uploads/2019/12/Note-du-Collectif-Energies-renouvelables...;/publication;source tronquee
/wp-content/uploads/2020/02/Instruction-du-Gouvernement-du-5-février-2020-relative-à-la-protection-des-ressources-en-eau-des-captages-prioritaires-utilisés-pour-la-production-d’eau-destinée-à-la-consommation-humaine.pdf;/expertises/protection-de-l-environnement;active
/wp-content/uploads/2020/02/Instruction-du-Gouvernement-du-5-février-2020...;/publication;source tronquee
/wp-content/uploads/2020/03/Arrêté...;/;source tronquee
/wp-content/uploads/2020/05/Arrêté...;/;source tronquee
/wp-content/uploads/2020/05/Webinaire-HLA-n°7-du-13-mai-2020-La-construction-durable-clé-de-la-transition-énergétique-est-elle-fragilisée-par-la-crise-du-COVID-19-_-Compte-rendu-1.pdf;/expertises/credits-marches-carbone;active
/wp-content/uploads/2020/05/Webinaire-HLA...;/publication;source tronquee
/wp-content/uploads/2020/06/Webinaire-HLA-n°10-du-3-juin-2020-La-patrimonialisation-de-la-biodiversité-Compte-rendu.pdf;/expertises/protection-de-l-environnement;active
/wp-content/uploads/2020/06/Webinaire-HLA...;/publication;source tronquee
/wp-content/uploads/2021/04/Décret-n°2021-515.pdf;/;active
/wp-content/uploads/2021/05/Arr;/publication;source tronquee
